,prot_name,COM_protein_X,COM_protein_Y,COM_protein_Z
0,1db1.pdb,13.125558661958785,20.562264328631397,41.847588436132455
