,prot_name,Helix_num_1_X,Helix_num_1_Y,Helix_num_1_Z,Helix_num_2_X,Helix_num_2_Y,Helix_num_2_Z,Helix_num_3_X,Helix_num_3_Y,Helix_num_3_Z,Helix_num_4_X,Helix_num_4_Y,Helix_num_4_Z,Helix_num_5_X,Helix_num_5_Y,Helix_num_5_Z,Helix_num_6_X,Helix_num_6_Y,Helix_num_6_Z,Helix_num_7_X,Helix_num_7_Y,Helix_num_7_Z,Helix_num_8_X,Helix_num_8_Y,Helix_num_8_Z,Helix_num_9_X,Helix_num_9_Y,Helix_num_9_Z,Helix_num_10_X,Helix_num_10_Y,Helix_num_10_Z,Helix_num_11_X,Helix_num_11_Y,Helix_num_11_Z,Helix_num_12_X,Helix_num_12_Y,Helix_num_12_Z,Helix_num_13_X,Helix_num_13_Y,Helix_num_13_Z,Helix_num_14_X,Helix_num_14_Y,Helix_num_14_Z,Helix_num_15_X,Helix_num_15_Y,Helix_num_15_Z,Helix_num_16_X,Helix_num_16_Y,Helix_num_16_Z,Helix_num_17_X,Helix_num_17_Y,Helix_num_17_Z,Helix_num_18_X,Helix_num_18_Y,Helix_num_18_Z,Helix_num_19_X,Helix_num_19_Y,Helix_num_19_Z,Helix_num_20_X,Helix_num_20_Y,Helix_num_20_Z
0,1db1.pdb,19.95493025920502,6.1169584905108545,50.662593510653736,2.5450300511816897,35.821406496862295,23.10925929823435,7.297148943739383,15.354531773530463,36.33621028251001,6.062037067513336,18.686012097853105,47.186066664582405,12.680320531059712,31.08239127086287,27.47203710560025,18.96561348928663,31.418225621492038,38.91593603002727,19.188357077235032,16.16500361837557,49.048280920207105,19.734422409098332,15.474977188857475,59.488592718784965,11.081116166662532,29.637782267493247,45.6335774623407,-1.6180077340673997,20.04664368573891,38.60044317354902
